time,elements,sum,technique
"0.164","1000000","1.644725","multiplySeq"
"0.291","1000000","1.644725","multiplyOpenmp"
"2.108","10000000","1.644725","multiplySeq"
"2.654","10000000","1.644725","multiplyOpenmp"
"46.979","100000000","1.644725","multiplySeq"
"40.584","100000000","1.644725","multiplyOpenmp"
"398.86","1000000000","1.644725","multiplySeq"
"295.718","1000000000","1.644725","multiplyOpenmp"
